what services does standard notes use for daily operation?,no match
administrivia / tv tropes customs,no match
pawelmar,no match
credit card exclusions and limitations,no match
designer client contract,no match
quotas,no match
warning,no match
optimum-wellness,no match
star,no match
job finding,no match
social contract,no match
data-indexatie,no match
warrant canary,no match
about lichess,no match
imprint,no match
binder2016/,no match
index.php,no match
samuel man barfield iii,no match
who owns orr group materials?,no match
"10711 starit ln., dallas, texas 75229",no match
tobi1.dk,no match
troy,no match
about,no match
company blog,no match
here wi-fi opt-out,no match
credit report authorization,no match
automotive navigation from here,no match
malegra 100 mg,no match
"here wego, here application and here maps",no match
about  diy tube video community,no match
mobile application statement,no match
example,no match
about this instance,no match
agb,no match
project goals,no match
"administrivia / the fic may be yours, but the trope page is ours",no match
indexer,no match
"planio, redmine, and open source",no match
halloween pumpkin bomber jacket,no match
avaforce 100 mg,no match
newsmixer,no match
content ratings,no match
student registration document,no match
licence,no match
artist: avoid posting,no match
the fine print,no match
test,no match
cc,no match
help,no match
those responsible,no match
about sweet,no match
comparison with other social networks,no match
definitions of content,no match
json,no match
notices,no match
divya goal bangalore escorts,no match
cenforce d,no match
consumers companion,no match
agbs onlineshop,no match
메이저사이트,no match
jendralpoker,no match
카지노사이트,no match
product recalls,no match
e.g해안선,no match
reporting - april 25th 2017,no match
help and support,no match
exclusions & limitations,no match
medical light association,no match
avoid scams,no match
healthexcite,no match
hardware genius,no match
guidelines,no match
icons/,no match
backlink,no match
about,no match
technical information,no match
here technologies | companies,no match
lode token investment contract,no match
cenforce professional,no match
open source,no match
agx token investment contract,no match
credits,no match
end user,no match
acme markets language assistance services,no match
rewards,no match
content blocker,no match
freedom of information,no match
foreign corrupt practices act,no match
language assistance services,no match
driver agreement,no match
owner agreement,no match
regras do clube do hardware,no match
o udruženju građana,no match
opt-out choices,no match
droits et obligations,no match
このサイトは？,no match
preuve de consentement,no match
reproduction rights (french),no match
sailpoint platinum plus support and maintenance supplement,no match
disputes resolution,no match
rechtliches,no match
payment methods,no match
money back stink-free guarantee,no match
infrastructure technology transformation,no match
colonial penn life insurance company,no match
bankers conseco life insurance company,no match
stripe service providers,no match
consent form,no match
voice controls,no match
governance,no match
use restrictions,no match
website information,no match
partners,no match
who can open a bunq account?,no match
pricing for consumers & businesses,no match
fee information for easymoney,no match
fee information for easygreen,no match
keeping you safe - depositor information sheet,no match
platform consent,no match
starlink specifications - beta phase,no match
index.html,no match
about me,no match
how we share your information,no match
how we protect your information,no match
why we collect your information,no match
how we collect your information,no match
organizador: acordo de processamento de dados (dpa),no match
supplier agreement,no match
internet dating safety act - fetster,no match
dispute procedures,no match
licensing (english),no match
contract,no match
evaluation agreement,no match
regeln und bedingungen,no match
https://rickriordan.com/,no match
少数派用户协议,no match
abuse reports,no match
payment agreement,no match
brand safety,no match
welcome letter,no match
service guidelines,no match
registrants' benefits and responsibilities,no match
about us,no match
video usage restrictions,no match
verbraucherinformationen für congstar kunden,no match
geschillencommissie (odr),no match
attribution statements,no match
subject access request (sar),no match
publisher guidelines,no match
distribution agreement,no match
ach authorizations,no match
what information does facebook get when i visit a site with the like button?,no match
agreement,no match
service treaty,no match
cgu (english-french)à,no match
services trial agreement,no match
get our app,no match
can i buy postage with bitcoin?,no match
data portability,no match
imprint & dsgvo,no match
kiosk agreement,no match
declaración de accesibilidad,no match
licensing,no match
info,no match
test document,no match
cardholder and virtual accountholder agreement,no match
سياسة الخصوصية,no match
invidious,no match
safe shopping guarantee,no match
agb / gtc,no match
notice to user,no match
candidate agreement,no match
facial scan consent,no match
report an inappropriate gif,no match
android open source acknowledgements,no match
ios open source acknowledgements,no match
world open source acknowledgements,no match
proof of value agreement,no match
agreement,no match
uv3hg0ff@duck.com,no match
addendum,no match
communications agreement,no match
services addendum,no match
referral agreement,no match
io charge card agreement,no match
esign consent to use electronic records and signatures,no match
broadband network management information,no match
user notice,no match
custody agreement,no match
bsa/aml program,no match
1:1 live mentorship tnc,no match
automatic payments authorization,no match
abuse information,no match
law and guidelines - information regarding dutch law on hosting providers,no match
other information,no match
mobile phone unlocking,no match
agb,no match
money-back guarantee,no match
domain appraisal agreement,no match
domain marketplace agreement,no match
f.a.q,no match
ratio watch information,no match
minecraft 101,no match
最終更新日 平成31年3月3日,no match
alert on fictitious ‘forum’ e-mails and messages,no match
reporting and redressal forms,no match
voluntary self verification,no match
microsoft cloud agreement,no match
antipiracy,no match
allgemeine nutzungsbestimmungen,no match
개인정보 처리방침,no match
daten­schutz­erklärung,no match
advertiser guidelines,no match
koo accounts of eminence,no match
versandinformationen,no match
widerruf,no match
algemene gebruiksvoorwaarden,no match
personvernserklæring,no match
electronic signature agreement,no match
requests for research support,no match
governance of the nhs website,no match
community guardrails,no match
limitations on 911 emergency services,no match
sharing our content,no match
forward-looking statements,no match
transurban statement of notifiable matters,no match
trust center,no match
sonic wire plan,no match
local exchange services,no match
contract buyout,no match
consumer cellular grandpad addendum,no match
roblox,no match
electronic communications agreement,no match
unity website & communities,no match
asset store provider agreement,no match
libremdb,no match
agbs,no match
master agreement,no match
liability for content,no match
sourcing automation addendum,no match
professional services addendum,no match
warunki korzystania,no match
rechtliche hinweise,no match
partner agreement,no match
pmam crm app,no match
ved puran app,no match
pmam tap,no match
pmam smart select,no match
pm am event connect app,no match
fams city audit app,no match
chitransh matrimony app,no match
vedpuran prasar app,no match
marketplace agreement,no match
buyers auction agreement,no match
palveluiden yleiset sopimusehdot,no match
unsere agb,no match
aup,no match
pearson education transfer impact assessment,no match
соглашение об использовании,no match
dsa statement,no match
broadcaster agreement,no match
program agreement,no match
auto debit authorization,no match
sonicwall general product agreement,no match
sonicwall nsv agreement,no match
飞书用户服务协议,no match
سياسة الاسترجاع,no match
الشروط والأحكام,no match
